name,date,WLD,TUN
Pollination Contribution,1,36.99,10
Pollination Contribution,2,38.99,10
Pollination Contribution,3,37.90,20
Pollination Contribution,4,33.45,30
Pollination Contribution,5,28.21,40
Pollination Contribution,6,26.31,50
Pollination Contribution,7,29.62,60
Pollination Contribution,8,42.62,60
Pollination Contribution,9,60,60
Unmet Need,1,30,30
Unmet Need,2,30,60
Unmet Need,3,25,50
Unmet Need,4,20,40
Unmet Need,5,15,30
Unmet Need,6,10,20
Unmet Need,7,5,10
Unmet Need,8,2,10
Unmet Need,9,1,10
